Name_of_Covered_Entity	State	Individuals_Affected	Date_of_Breach	Type_of_Breach	Month	Year
Brooke Army Medical Center	TX	1000	10/16/2009	Theft	10	2009
Mid America Kidney Stone Association, LLC	MO	1000	9/22/2009	Theft	9	2009
Alaska Department of Health and Social Services	AK	501	10/12/09	Theft	10	2009
Health Services for Children with Special Needs, Inc.	DC	3800	10/9/09	Loss	10	2009
L. Douglas Carlson, M.D.	CA	5257	9/27/2009	Theft	9	2009
David I. Cohen, MD	CA	857	9/27/2009	Theft	9	2009
Michele Del Vicario, MD	CA	6145	9/27/2009	Theft	9	2009
Joseph F. Lopez, MD	CA	952	9/27/2009	Theft	9	2009
Mark D. Lurie, MD	CA	5166	9/27/2009	Theft	9	2009
City of Hope National Medical Center	CA	5900	9/27/2009	Theft	9	2009
The Children's Hospital of Philadelphia	PA	943	10/20/2009	Theft	10	2009
Cogent Healthcare of Wisconsin, S.C.	TN	6400	10/11/09	Theft	10	2009
Universal American	NY	83000	11/12/09	Other	11	2009
Kern Medical Center	CA	596	10/31/2009	Theft	10	2009
Keith W. Mann, DDS, PLLC	NC	2000	12/8/09	Hacking	12	2009
Detroit Department of Health and Wellness Promotion	MI	10000	10/22/2009	Theft	10	2009
Detroit Department of Health and Wellness Promotion	MI	646	11/26/2009	Theft	11	2009
University of California, San Francisco	CA	610	9/22/2009	Other	9	2009
Daniel J. Sigman MD PC	MA	1860	12/11/09	Theft	12	2009
Massachusetts Eye and Ear Infirmary	MA	1076	11/10/09	Theft	11	2009
BlueCross BlueShield Association	DC	3400	10/26/2009	Theft	10	2009
BlueCross BlueShield Association	DC	15000	10/7/09	Theft	10	2009
Kaiser Permanente Medical Care Program	CA	15500	12/1/09	Theft	12	2009
Blue Island Radiology Consultants	IL	2562	12/9/09	Theft	12	2009
Goodwill Industries of Greater Grand Rapids, Inc.	MI	10000	12/15/2009	Theft	12	2009
Children's Medical Center of Dallas	TX	3800	11/19/2009	Loss	11	2009
Concentra	TX	900	11/19/2009	Theft	11	2009
Ashley and Gray DDS	MO	9309	1/10/10	Theft	1	2010
Advocate Health Care	IL	812	11/24/2009	Theft	11	2009
The Methodist Hospital	TX	689	1/18/2010	Theft	1	2010
University of California, San Francisco	CA	7300	11/30/2009	Theft	11	2009
Carle Clinic Association	IL	1300	1/13/2010	Theft	1	2010
Educators Mutual Insurance Association of Utah 	UT	5700	12/27/2009	Theft	12	2009
University Medical Center of Southern Nevada	NV	5103	10/31/2009	Theft	10	2009
Center for Neurosciences	AZ	1100	12/15/2009	Theft	12	2009
Brown University	RI	528	12/11/09	Other	12	2009
MMM Heath Care Inc. 	PR	1907	2/4/10	Theft	2	2010
PMC Medicare Choice	PR	605	2/4/10	Theft	2	2010
Cardiology Consultants/Baptist Health Care Corporation	FL	8000	12/19/2009	Theft	12	2009
State of TN, Bureau of TennCare	TN	3900	12/23/2009	Theft	12	2009
Lucille Packard Children's Hospital	CA	532	1/11/10	Other	1	2010
University of New Mexico Health Sciences Center	NM	1900	2/8/10	Other	2	2010
Advanced NeuroSpinal Care	CA	3500	12/30/2009	Theft	12	2009
Aspen Dental Care P.C.	CO	2500	10/4/09	Theft	10	2009
Shands at UF	FL	12580	1/27/2010	Theft	1	2010
Wyoming Department of Health	WY	9023	12/2/09	Unauthorized Access	12	2009
Thrivent Financial for Lutherans	WI	9500	1/29/2010	Theft	1	2010
North Carolina Baptist Hospital	NC	554	2/15/2010	Theft	2	2010
Montefiore Medical Center	NY	625	2/20/2010	Theft	2	2010
Ernest T. Bice, Jr. DDS, P.A.	TX	21000	2/20/2010	Theft	2	2010
Lee Memorial Health System	FL	3800	1/29/2010	Other	1	2010
Laboratory Corporation of America/Dynacare Northwest, Inc.	WA	5080	2/12/10	Theft	2	2010
Mount Sinai Medical Center	FL	2600	3/9/10	Theft	3	2010
Griffin Hospital	CT	957	2/4/10	Hacking	2	2010
Hypertension, Nephrology, Dialysis and Transplantation, PC	AL	2465	3/6/10	Theft	3	2010
Reliant Rehabilitation Hospital North Houston	TX	768	2/9/10	Unauthorized Access	2	2010
Laboratory Corporation of America / US LABS / Dianon Systems, Inc	AZ	2773	2/18/2010	Theft	2	2010
University of Pittsburgh Student Health Center	PA	8000	3/11/10	Theft	3	2010
Providence Hospital	MI	83945	2/4/10	Other	2	2010
VHS Genesis Lab Inc. 	IL	6800	1/10/10	Loss	1	2010
John Muir Physician Network	CA	5450	2/4/10	Theft	2	2010
Beatrice Community Hospital and Health Center	NE	660	3/19/2010	Other	3	2010
Pediatric Sports and Spine Associates	TX	955	2/10/10	Theft	2	2010
Affinity Health Plan, Inc.	NY	344579	11/24/2009	Theft	11	2009
Tomah Memorial Hospital	WI	600	3/19/2010	Other	3	2010
Praxair Healthcare Services, Inc. (Home Care Supply in NY)	CT	54165	2/18/2010	Theft	2	2010
Massachusetts Eye and Ear Infirmary	MA	3594	2/19/2010	Theft	2	2010
Blue Cross & Blue Shield of Rhode Island	RI	12000	12/20/2009	Theft	12	2009
South Carolina Department of Health and Environmental Control	SC	2850	2/17/2010	Improper Disposal	2	2010
St. Joseph Heritage Healthcare	CA	22012	3/6/10	Theft	3	2010
Medical Center At Bowling Green	KY	5148	3/24/2010	Theft	3	2010
GENERAL AGENCIES WELFARE BENEFITS PROGRAM	TN	1874	2/5/10	Loss	2	2010
UnitedHealth Group health plan single affiliated covered entity	MN	735	3/2/10	Theft	3	2010
South Texas Veterans Health Care System	TX	1430	9/30/2009	Loss	9	2009
Rockbridge Area Community Services	VA	500	3/12/10	Theft	3	2010
Emergency Healthcare Physicians, Ltd.	IL	180111	2/27/2010	Theft	2	2010
VA Eastern Colorado Health Care System	CO	649	1/19/2010	Theft	1	2010
Miami VA Healthcare System	FL	568	1/19/2010	Loss	1	2010
Heriberto Rodriguez-Ayala, M.D.	TX	4200	4/3/10	Theft	4	2010
Georgetown University Hospital	DC	2416	3/26/2010	Theft	3	2010
Silicon Valley Eyecare Optometry and Contact Lenses	CA	40000	4/2/10	Theft	4	2010
Loma Linda University Health Care	CA	584	4/4/10	Theft	4	2010
Veterans Health Administration	DC	656	4/22/2010	Theft	4	2010
State of New Mexico Human Services Department, Medical Assistance Division	NM	9600	3/20/2010	Theft	3	2010
Oconee Physician Practices	SC	653	5/9/10	Theft	5	2010
University of Rochester Medical Center and Affiliates	NY	2628	4/19/2010	Other	4	2010
Omaha Construction Industry Health and Welfare Plan	NE	800	1/11/09	Theft	1	2009
City of Charlotte, NC (Health Plan)	NC	5220	2/3/10	Loss	2	2010
VA North Texas Health Care System	TX	4083	5/4/10	Improper Disposal	5	2010
Rainbow Hospice and Palliative Care	IL	1000	4/12/10	Theft	4	2010
Cincinnati Childrens Hospital Medical Center 	OH	60998	3/27/2010	Theft	3	2010
Occupational Health Partners	KS	1105	5/12/10	Theft	5	2010
AvMed, Inc.	FL	1220000	12/10/09	Theft	12	2009
UnitedHealth Group health plan single affiliated covered entity	MN	16291	1/26/2010	Other	1	2010
Lincoln Medical and Mental Health Center	NY	130495	3/24/2010	Theft	3	2010
Nihal Saran, MD 	MI	2300	5/2/10	Theft	5	2010
University of Louisville Research Foundation, Inc., DBA The Kidney Disease Program	KY	708	10/1/08	Hacking	10	2008
St. Jude Children's Research Hospital	TN	1745	4/19/2010	Loss	4	2010
TennCare	TN	10515	3/20/2010	Theft	3	2010
The Children's Medical Center of Dayton	OH	1001	4/22/2010	Other	4	2010
Comprehensive Care Management Corporation	NY	1020	4/30/2010	Theft	4	2010
alma aguado md pa	TX	600	5/29/2010	Theft	5	2010
University Hospital	GA	14000	5/7/10	Loss	5	2010
University Health System	NV	7526	6/11/10	Theft	6	2010
Sinai Hospital of Baltimore, Inc.	MD	937	5/3/10	Other	5	2010
Mary M. Desch,MD/PathHealer, LTD	AZ	5893	5/15/2010	Theft	5	2010
Children's Hospital & Research Center at Oakland	CA	1000	5/25/2010	Other	5	2010
Centerstone	TN	1537	5/1/10	Other	5	2010
California Department of Healthcare Services	CA	29000	4/29/2010	Loss	4	2010
Long Island Consultation Center	NY	800	5/21/2010	Theft	5	2010
NYU Hospitals Center	NY	2563	5/8/10	Theft	5	2010
University of Florida	FL	2047	5/24/2010	Other	5	2010
SunBridge Healthcare Corporation	NM	3830	5/11/10	Theft	5	2010
Department of Health Care Policy & Financing	CO	105470	5/17/2010	Theft	5	2010
Prince William County Community Services (CS)	VA	669	6/18/2010	Theft	6	2010
E. Brooks Wilkins Family Medicine, PA	NC	13000	2/1/10	Theft	2	2010
John Deere Health Benefit Plan for Wage Employees	IL	1097	6/24/2010	Other	6	2010
South Shore Hospital	MA	800000	2/26/2010	Loss	2	2010
Montefiore Medical Center	NY	16820	5/22/2010	Theft	5	2010
DC Chartered Health Plan, Inc	DC	540	5/26/2010	Theft	5	2010
Montefiore Medical Center	NY	23753	6/9/10	Theft	6	2010
Medina County OB/GYN	OH	1200	6/13/2010	Improper Disposal	6	2010
The University of Texas at Arlington	TX	27000	2/19/2009	Hacking	2	2009
Aetna	CT	6372	3/29/2010	Improper Disposal	3	2010
Charles Mitchell MD	TX	6873	6/27/2010	Theft	6	2010
Humana Inc case 4486	KY	2631	6/25/2010	Other	6	2010
WellPoint, Inc.	IN	31700	11/3/09	Hacking	11	2009
Carolina Center for Development and Rehabilitation	NC	1590	6/24/2010	Theft	6	2010
Trinity Health Corporation Welfare Benefit Plan	MI	1073	3/29/2010	Loss	3	2010
Texas Children's Hospital	TX	694	5/13/2010	Theft	5	2010
Baylor College of Medicine	TX	1646	5/13/2010	Theft	5	2010
Wright State Physicians	OH	1309	6/11/10	Other	6	2010
Penn Treaty Network America Insurance Company 	PA	560	6/4/10	Other	6	2010
Aultman Hospital	OH	13867	6/7/10	Theft	6	2010
Fort Worth Allergy and Asthma Associates	TX	25000	6/29/2010	Theft	6	2010
Beauty Dental, Inc.	IL	657	6/5/10	Theft	6	2010
Walsh Pharmacy	MA	11440	6/3/10	Other	6	2010
Jewish Hospital	KY	2089	7/16/2010	Theft	7	2010
St. John's Mercy Medical Group	MO	1907	6/7/10	Improper Disposal	6	2010
Thomas Jefferson University Hospitals, Inc.	PA	21000	6/14/2010	Theft	6	2010
UNCG Speech and Hearing Center	NC	2300	1/1/97	Hacking	1	1997
Idaho Power Group Health Plan	ID	5500	3/29/2010	Loss	3	2010
Loma Linda University School of Dentistry	CA	10100	6/13/2010	Theft	6	2010
Ward A. Morris, DDS	WA	2698	7/16/2010	Theft	7	2010
Chattanooga Family Practice Associates, P.C.	TN	1711	7/15/2010	Loss	7	2010
Yale University	CT	1000	7/28/2010	Theft	7	2010
University of Kentucky	KY	2027	6/18/2010	Theft	6	2010
Cook County Health & Hospitals System	IL	7081	5/30/2010	Theft	5	2010
Eastmoreland Surgical Clinic, William Graham, DO	OR	4328	7/5/10	Theft	7	2010
SunBridge Healthcare Corporation	NM	1000	6/26/2010	Theft	6	2010
Holyoke Medical Center	MA	24750	7/26/2010	Improper Disposal	7	2010
Newark Beth Israel Medical Center	NJ	956	5/10/10	Theft	5	2010
Saint Barnabas Medical Center	NJ	3630	5/10/10	Theft	5	2010
NYU School of Medicine--Aging and Dementia Clinical Research Center 	NY	1200	4/3/10	Loss	4	2010
University of Rochester Medical Center and Affiliates	NY	857	8/2/10	Loss	8	2010
State of Delaware Health Plan	DE	22642	8/16/2010	Other	8	2010
Curtis R. Bryan, M.D.	VA	2739	7/12/10	Theft	7	2010
Mayo Clinic	MN	1740	7/15/2009	Unauthorized Access	7	2009
LabCorp Patient Service Center	NV	507	8/2/10	Theft	8	2010
The Kent Center 	RI	1361	7/13/2010	Theft	7	2010
Pediatric and Adult Allergy, PC	IA	19222	7/11/10	Loss	7	2010
Ault Chiropractic Center	IN	2000	9/15/2010	Theft	9	2010
County of Los Angeles	CA	33000	7/29/2010	Theft	7	2010
Matthew H. Conrad, M.D., P.A.	KS	1200	8/20/2010	Theft	8	2010
UnitedHealth Group health plan single affiliated covered entity	MN	1270	7/8/10	Other	7	2010
Counseling and Psychotherapy of Throggs Neck	NY	9000	9/6/10	Theft	9	2010
United States Air Force	OH	2123	7/29/2010	Improper Disposal	7	2010
State of Alaska, Department of Health and Social Services	AK	2000	9/7/10	Theft	9	2010
St. Vincent Hospital and Health Care Center, Inc.	IN	1199	7/25/2010	Theft	7	2010
Milford Regional Medical Center	MA	20000	7/26/2010	Improper Disposal	7	2010
Alliance HealthCare Services, Inc.	CA	1474	7/31/2010	Theft	7	2010
Alliance HealthCare Services, Inc.	CA	1474	8/5/10	Theft	8	2010
NewYork-Presbyterian Hospital and Columbia University Medical Center	NY	6800	7/1/10	Theft	7	2010
St. James Hospital and Health Centers	IL	967	8/10/10	Improper Disposal	8	2010
University of Oklahoma - Tulsa, Neurology Clinic	OK	19200	7/28/2010	Hacking	7	2010
LORENZO BROWN, MD INC.	CA	928	8/17/2010	Theft	8	2010
Milton Pathology Associates, P.C.	MA	11000	7/26/2010	Improper Disposal	7	2010
WESTMED Medical Group	NY	578	8/17/2010	Theft	8	2010
Debra C. Duffy, DDS	TX	4700	8/5/10	Theft	8	2010
Cumberland Gastroenterology, P.S.C.	KY	2200	9/18/2010	Theft	9	2010
Johns Hopkins University Applied Physics Laboratory (JHU/APL) Medical and Dental Insurance Plan	MD	692	6/15/2010	Other	6	2010
LoneStar Audiology Group	TX	585	8/11/10	Theft	8	2010
Utah Department of Health	UT	1298	3/1/10	Other	3	2010
SW Seattle Orthopaedic and Sports Medicine	WA	9493	9/4/10	Hacking	9	2010
University of Arkansas for Medical Sciences	AR	1000	10/12/10	Theft	10	2010
BlueCross BlueShield of Tennessee, Inc.	TN	1023209	10/2/09	Theft	10	2009
Northridge Hospital Medical Center	CA	716	10/16/2010	Loss	10	2010
Puerto Rico Department of Health	PR	475000	10/3/08	Unauthorized Access	10	2008
Aetna, Inc.	CT	2345	9/9/10	Unauthorized Access	9	2010
Sta-home Health & Hospice	MS	1104	9/16/2010	Theft	9	2010
Puerto Rico Department of Health	PR	115000	9/3/10	Unauthorized Access	9	2010
VNA of Southeastern Ct.	CT	12000	9/30/2010	Theft	9	2010
Prime Home Care, LLC	NE	1550	9/13/2010	Theft	9	2010
Visiting Nurse Service Association of Schenectady County	NY	535	9/14/2010	Theft	9	2010
Manor Care Indy (South), LLC.	IN	845	9/11/10	Unauthorized Access	9	2010
Robert Wheatley, DDS, PC	MO	1400	10/17/2010	Theft	10	2010
Henry Ford Hospital	MI	3700	9/24/2010	Theft	9	2010
Holy Cross Hospital	FL	1500	7/27/2010	Theft	7	2010
Newark Beth Israel Medical Center	NJ	1744	1/1/10	Theft	1	2010
Memorial Hospital of Gardena	CA	771	10/14/2010	Unauthorized Access	10	2010
Oklahoma City VA Medical Center	OK	1950	10/8/10	Theft	10	2010
Albert Einstein Healthcare Network	PA	613	10/21/2010	Theft	10	2010
Kings County Hospital Center	NY	542	8/22/2010	Theft	8	2010
University of Tennessee Medical Center	TN	8200	9/23/2009	Improper Disposal	9	2009
Ochsner Health System	LA	9475	9/27/2010	Unauthorized Access	9	2010
zarzamora family dental care	TX	800	10/15/2010	Theft	10	2010
Hospital Auxilio Mutuo	PR	1000	11/9/10	Theft	11	2010
Pinnacle Health System	PA	1085	10/1/08	Unauthorized Access	10	2008
Gary C. Spinks, DMD, PC	MD	1000	9/29/2010	Hacking	9	2010
Cook County Health & Hospitals System	IL	556	11/1/10	Theft	11	2010
Dean Health Systems, Inc.; St. Mary's Hospital; St. Marys Dean Ventures, Incorporated	WI	3288	11/8/10	Theft	11	2010
Riverside Mercy Hospital and Ohio/Mercy Diagnostics	OH	1000	3/29/2003	Improper Disposal	3	2003
California Therapy Solutions	CA	1250	11/11/10	Theft	11	2010
Osceola Medical Center	WI	585	11/25/2010	Unauthorized Access	11	2010
Indiana Family and Social Services Administration	IN	757	11/4/10	Theft	11	2010
Mankato Clinic	MN	3159	11/1/10	Theft	11	2010
Geisinger Wyoming Valley Medical Center	PA	2928	11/3/10	Unauthorized Access	11	2010
Our Lady of Peace Hospital	KY	24600	3/31/2010	Theft	3	2010
International Union of Operating Engineers Health and Welfare Fund 	MD	800	10/25/2010	Theft	10	2010
Southern Perioperative Services, P.C.	AL	2000	11/17/2010	Theft	11	2010
Keystone/AmeriHealth Mercy Health Plans	PA	808	9/20/2010	Loss	9	2010
Ankle + Foot Center of Tampa Bay, Inc.	FL	156000	10/28/2010	Theft	10	2010
OhioHealth Corporation dba Grant Medical Center	OH	501	1/1/08	Theft	1	2008
Seacoast Radiology, PA	NH	231400	11/12/10	Hacking	11	2010
Friendship Center Dental Office	FL	2200	12/19/2010	Theft	12	2010
Centra	VA	11982	11/11/10	Theft	11	2010
St.Vincent Hospital - Indianapolis	IN	1848	11/12/10	Hacking	11	2010
Texas Health Harris Methodist Hospital Azle	TX	9922	4/7/10	Theft	4	2010
Franciscan Medical Group	WA	1250	11/18/2010	Theft	11	2010
State of South Carolina Budget and Control Board Employee Insurance Program (EIP)	SC	5596	11/8/10	Hacking	11	2010
Lake Woods Nursing & Rehabilitation Center	MI	656	12/28/2010	Theft	12	2010
Benefit Resources, Inc.	SC	16200	10/13/2010	Loss	10	2010
Baptist Memorial Hospital - Huntingdon	TN	4800	11/27/2010	Theft	11	2010
Grays Harbor Pediatrics, PLLC	WA	12009	11/23/2010	Theft	11	2010
Hanger Prosthetics & Orthotics, Inc.	TX	4486	11/24/2010	Theft	11	2010
Baylor Heart and Vascular Center	TX	8241	12/2/10	Theft	12	2010
CHC MEMPHIS CMHC, LLC	TN	500	12/4/10	Theft	12	2010
Jefferson Center for Mental Health	CO	546	12/13/2010	Theft	12	2010
Green River District Health Department	KY	18871	1/12/11	Hacking	1	2011
Ortho Montana, PSC	MT	37000	1/8/11	Theft	1	2011
Cancer Care Northwest P.S.	WA	3100	1/7/11	Theft	1	2011
Saint Louis University	MO	800	12/11/10	Hacking	12	2010
New York City Health & Hospitals Corporation's North Bronx Healthcare Network	NY	1700000	12/23/2010	Theft	12	2010
Long Beach Memorial Medical Center	CA	2250	12/10/10	Unauthorized Access	12	2010
Walgreen Co.	IL	2700	1/26/2011	Theft	1	2011
Charleston Area Medical Center, Inc	WV	3655	2/8/11	Unauthorized Access	2	2011
Mountain Vista Medical Center	AZ	2291	10/13/2010	Loss	10	2010
Departamento de Salud de Puerto Rico	PR	2621	3/14/2010	Unknown	3	2010
Henry Ford Hospital	MI	2777	1/31/2011	Loss	1	2011
Central Brooklyn Medical Group, PC	NY	500	8/3/10	Theft	8	2010
TRICARE Management Activity	CO	4500	6/25/2010	Unauthorized Access	6	2010
Blue Cross and Blue Shield of Florida 	FL	7366	10/16/2010	Unknown	10	2010
University Health Services, University of Massachusetts, Amherst	MA	942	9/29/2010	Unauthorized Access	9	2010
Omnicare, Inc	KY	8845	1/19/2011	Theft	1	2011
JEFFREY J. SMITH, MD	OK	600	11/24/2010	Loss	11	2010
University of Missouri Health Plan	MO	765	1/10/11	Unauthorized Access	1	2011
Texas Health Arlington Memorial Hospital	TX	654	12/23/2010	Unknown	12	2010
NYU School of Medicine Faculty Group Practice	NY	670	1/27/2011	Theft	1	2011
Rape & Brooks Orthodontics, P.C.	AL	20744	2/3/11	Theft	2	2011
Clarksburg - Louis A. Johnson VA Medical Center	WV	1470	10/26/2010	Unauthorized Access	10	2010
County of Los Angeles	CA	667	2/23/2011	Theft	2	2011
EISENHOWER MEDICAL CENTER	CA	514330	3/11/11	Theft	3	2011
Catholic Social Services	AK	1700	2/1/11	Theft	2	2011
Park Avenue Obstetrics & Gynecology, PC	AZ	635	3/25/2011	Theft	3	2011
Brian J Daniels D.D.S.,Paul R Daniels D.D.S.	AZ	10000	3/1/11	Theft	3	2011
MidState Medical Center	CT	93500	2/14/2011	Loss	2	2011
Patient Care Services at Saint Francis, Inc.	OK	84000	1/13/2011	Theft	1	2011
Union Security Insurance Company	MO	935	2/18/2011	Unauthorized Access	2	2011
Oklaholma State Dept. of Health	OK	132940	4/6/11	Theft	4	2011
Aiken Community Based Outpatient Clinic	SC	2717	2/16/2011	Improper Disposal	2	2011
Health Net, Inc.	CA	1900000	1/21/2011	Unknown	1	2011
SW General Inc	AZ	566	5/1/04	Theft	5	2004
Fairview Health Services	MN	1215	2/19/2011	Loss	2	2011
Time Insurance Company	WI	675	2/1/11	Unauthorized Access	2	2011
Community Action partnership of Natrona County	WY	15000	2/23/2011	Hacking	2	2011
Keith & Fisher, DDS, PA	NC	6000	2/16/2011	Hacking	2	2011
MacNeal Hospital	IL	845	3/10/11	Hacking	3	2011
West Lake Hospital 	IL	686	3/10/11	Hacking	3	2011
Phoenix Health Plan	AZ	9393	3/10/11	Hacking	3	2011
MacNeal Physician Group	IL	532	3/10/11	Hacking	3	2011
Genesis Clinical Laboratory	IL	1070	3/10/11	Hacking	3	2011
Knox Community Hospital	OH	500	10/1/10	Improper Disposal	10	2010
Speare Memorial Hospital	NH	5960	4/2/11	Theft	4	2011
Methodist Charlton Medical Center	TX	1500	4/16/2011	Theft	4	2011
Drs Edalji and Komer	MA	563	4/12/11	Theft	4	2011
Reid Hospital & Health Care Services	IN	22001	4/2/11	Theft	4	2011
Union Security Insurance Company	MO	850	3/24/2011	Unauthorized Access	3	2011
Indiana Regional Medical Center	PA	1388	9/28/2010	Theft	9	2010
MMM Healthcare, Inc.	PR	32390	3/8/11	Theft	3	2011
PMC Medicare Choice	PR	24361	3/8/11	Theft	3	2011
CVS CAREMARK	AZ	654	1/17/2011	Theft	1	2011
CENTER FOR ARTHRITIS & RHEUMATIC DISEASES	FL	8000	1/1/11	Theft	1	2011
Robert B. Miller, MD	CA	620	4/1/11	Theft	4	2011
Imaging Center of Garland	TX	1031	3/15/2011	Improper Disposal	3	2011
New York State Department of Health	NY	550	4/17/2011	Theft	4	2011
St. Mary's Hospital for Children	NY	550	4/17/2011	Theft	4	2011
Medicare Fee-for-Service Program	MD	13412	4/11/11	Unauthorized Access	4	2011
VA Caribbean Healthcare System	PR	6006	3/30/2011	Theft	3	2011
Blue Cross Blue Shield of Michigan	MI	11387	11/17/2010	Unauthorized Access	11	2010
Spartanburg Regional Healthcare System	SC	400000	3/28/2011	Theft	3	2011
Saint Joseph - Berea	KY	1986	4/14/2011	Theft	4	2011
Navos	WA	2700	3/15/2011	Unknown	3	2011
Dunes Family Health Care, P.C	OR	17000	3/11/11	Theft	3	2011
Metropolitan Community Health Services, Inc.	NC	1263	5/18/2011	Unknown	5	2011
TUBA CITY REGIONAL HEALTH CARE CORPORATION	AZ	2000	4/1/11	Loss	4	2011
FOOTHILLS NEPHROLOGY, PC	SC	1280	4/28/2011	Theft	4	2011
Sutter Gould Medical Foundation (SGMF)	CA	1192	5/23/2011	Loss	5	2011
Silverpop Systems Inc. Health and Welfare Plan	GA	884	4/15/2011	Theft	4	2011
New River Health Association	WV	950	4/1/11	Unauthorized Access	4	2011
HealthCare Partners	CA	15677	4/17/2011	Theft	4	2011
Gene S. J. Liaw, MD. PS	WA	1105	4/4/11	Loss	4	2011
Blue Cross and Blue Shield of Florida 	FL	3463	4/11/11	Unauthorized Access	4	2011
NOL, LLC d/b/a Premier Radiology	TN	810	5/7/11	Theft	5	2011
Advanced Diagnostic Imaging, P.C.	TN	705	5/7/11	Theft	5	2011
University of Missouri Health Care	MO	1288	6/14/2011	Unknown	6	2011
Accendo	AZ	175350	1/1/11	Unauthorized Access	1	2011
Ohio Health Plans	OH	78042	6/3/11	Theft	6	2011
Gail Gillespie and Associates, LLC	LA	2000	6/25/2011	Theft	6	2011
Health Plan of San Mateo	CA	694	4/25/2011	Unauthorized Access	4	2011
Department of Health Care Policy and Financing	CO	3589	5/6/11	Loss	5	2011
Yanez Dental Corporation	CA	10190	5/22/2011	Theft	5	2011
Jackson Health System	FL	1562	10/1/08	Unauthorized Access	10	2008
The Mount Sinai Hospital	NY	712	6/7/11	Theft	6	2011
Troy Regional Medical Center	AL	880	3/22/2011	Unauthorized Access	3	2011
Lansing Community College	MI	5000	5/9/11	Hacking	5	2011
Dr Axel Velez	PR	2800	6/19/2011	Theft	6	2011
 DeKalb Medical Center, Inc. d/b/a DeKalb Medical Hillandale	GA	7500	7/11/10	Theft	7	2010
Beth Israel Deaconess Medical Center	MA	2021	4/17/2011	Hacking	4	2011
Gypsum Management and Supply, Inc. Medical and Dental Plan	GA	25330	5/9/11	Unauthorized Access	5	2011
Andersen Air Force Base, Guam	VA	700	5/13/2011	Improper Disposal	5	2011
Molina Medicare	CA	4573	1/1/11	Unauthorized Access	1	2011
Windsor Health Plan	TN	1378	3/1/11	Unauthorized Access	3	2011
Health Care Service Corporation	IL	501	6/28/2011	Theft	6	2011
University of Kentucky - UK HealthCare	KY	3604	6/7/11	Theft	6	2011
Austin Center for Therapy and Assessment, LLC	TX	1870	7/8/11	Theft	7	2011
Treatment Services Northwest	OR	1200	7/8/11	Theft	7	2011
Mills-Peninsula Health Services	CA	1500	11/1/09	Unauthorized Access	11	2009
Brigham and Women's Hospital and Faulkner Hospital 	MA	638	6/21/2011	Theft	6	2011
Ashley Industrial Molding, Inc. Employee Welfare Benefit Plan 	IN	506	5/9/11	Hacking	5	2011
Monmouth Medical Center	NJ	6443	6/24/2011	Theft	6	2011
Clara Maass Medical Center	NJ	8795	6/24/2011	Theft	6	2011
Newark Beth Israel Medical Center	NJ	15015	6/24/2011	Theft	6	2011
Saint Barnabas Medical Center	NJ	6179	6/24/2011	Theft	6	2011
Washington State Department of Social and Health Services	WA	3950	7/1/11	Unauthorized Access	7	2011
St. Francis Hospital	DE	948	6/1/11	Loss	6	2011
Reznick Group, P.C.	MD	2459	5/9/11	Hacking	5	2011
The Neurological Institute of Savannah & Center for Spine	GA	63425	7/2/11	Theft	7	2011
Kimball Medical Center	NJ	6785	6/24/2011	Theft	6	2011
Community Medical Center	NJ	6950	6/24/2011	Theft	6	2011
American Health Medicare 	PR	5848	6/1/11	Theft	6	2011
Texas Health Presbtyerian Hospital Flower Mound	TX	10345	6/21/2011	Theft	6	2011
Capron Rescue Squad District	IL	815	2/5/11	Unauthorized Access	2	2011
Cook County Health & Hospitals System	IL	32008	6/24/2011	Theft	6	2011
Lexington VAMC	KY	1432	5/23/2011	Theft	5	2011
Dr. Victoria Falcone, Falcone Cosmetic Services, PC, Falcone Cosmetic Services of NJ, PC	PA	3000	8/14/2011	Theft	8	2011
HEALTH RESEARCH INSTITUTE, INC., PFEIFFER TREATMENT CENTER	IL	2000	7/1/11	Theft	7	2011
Stanford Hospital & Clinics	CA	19651	9/9/10	Unauthorized Access	9	2010
Muir Orthopaedic Specialists, A Medical Group Inc.	CA	1800	7/27/2011	Theft	7	2011
NEA Baptist Clinic	AR	3116	7/12/11	Hacking	7	2011
Jonathan Noel MD	IN	2059	7/13/2011	Theft	7	2011
Texas Health and Human Services Commission	TX	1696	3/10/11	Theft	3	2011
University of Wisconsin Oshkosh	WI	3000	7/18/2011	Hacking	7	2011
Centro de Ortodoncia Inc.	PR	2000	5/6/10	Theft	5	2010
John T. Melvin, M.D.& Associates	TX	2541	8/9/11	Theft	8	2011
Diversified Resources, Inc.	GA	863	8/11/11	Theft	8	2011
VA Gulf Coast Veterans Health Care System	MS	1797	7/21/2011	Theft	7	2011
Freda J Bowman  MD PA	TX	1300	9/20/2011	Unauthorized Access	9	2011
Bonney Lake Medical Center and Mythili R. Ramachandran, MD	WA	2367	8/12/11	Theft	8	2011
United States Steel Corporation Plan for Active Employee Insurance Benefits and the United States Steel Corporation Plan for Retiree Insurance Benefits	PA	4000	8/15/2011	Loss	8	2011
VA Illiana Health Care System	IL	518	7/14/2011	Loss	7	2011
Health Texas Provider Network	TX	1259	7/27/2011	Theft	7	2011
Blue Cross of Northeastern Pennsylvania	PA	507	9/9/11	Theft	9	2011
NYU Hospital for Joint Diseases Inventory Management Department	NY	2600	6/23/2011	Theft	6	2011
WAYNE HIGHLANDS SCHOOL DISTRICT	PA	579	9/9/11	Theft	9	2011
Summit Medical Group, PLLC	TN	731	9/4/11	Theft	9	2011
MAPFRE Life	PR	2209	8/5/11	Theft	8	2011
American Continental Insurance Company	TN	690	7/28/2011	Theft	7	2011
United of Omaha Life Insurance Company	NE	1631	7/28/2011	Loss	7	2011
Mutual of Omaha Insurance Company	NE	705	7/28/2011	Theft	7	2011
Henry Ford Health System	MI	520	8/8/11	Theft	8	2011
Indiana University	IN	3266	8/16/2011	Theft	8	2011
Adult & Pediatric Dermatology, PC	MA	2200	9/14/2011	Theft	9	2011
The Nemours Foundation	FL	1055489	8/10/11	Loss	8	2011
California Industrial Medicine, Inc.	CA	700	9/28/2011	Theft	9	2011
InStep Foot Clinic, P.A.	MN	2600	8/28/2011	Theft	8	2011
North Memorial	MN	6697	7/25/2011	Theft	7	2011
Lahey Clinic Hospital, Inc.	MA	599	8/12/11	Theft	8	2011
UnitedHealth Group health plan single affiliated covered entity	MN	3994	7/28/2011	Theft	7	2011
Good Samaritan Hospital	MD	1500	9/9/11	Theft	9	2011
Amerigroup Community Care of New Mexico, Inc	NM	1537	7/15/2011	Theft	7	2011
Florida Hospital	FL	12784	8/10/11	Unauthorized Access	8	2011
Thomas Jefferson University Hospitals, Inc.	PA	3150	9/6/11	Theft	9	2011
Lankenau Medical Center	PA	500	9/6/11	Theft	9	2011
Spectrum Health Ssytems, Inc.  	MA	14750	8/24/2011	Theft	8	2011
Conway Regional Medical Center	AR	1472	8/24/2011	Loss	8	2011
Concordia Plan Services	MO	7059	5/10/11	Loss	5	2011
Stone Oak Urgent Care & Family Practice	TX	6672	10/23/2011	Theft	10	2011
Indiana University School of Optometry	IN	757	8/12/11	Unauthorized Access	8	2011
Brevard Emergency Services, P.A.	FL	2200	8/26/2011	Theft	8	2011
Georgetown University Hospital	DC	1526	9/9/11	Loss	9	2011
Morris Heights Health Center	NY	927	8/27/2011	Theft	8	2011
network180	MI	1100	9/16/2011	Theft	9	2011
Premier Imaging	NC	551	9/14/2011	Unknown	9	2011
The Good Samaritan Hospital of Cincinnati, Ohio	OH	1089	9/3/11	Theft	9	2011
Bethesda Hospital, Inc.	OH	946	9/3/11	Theft	9	2011
Julie A. Kennedy, D.M.D., P.A.	FL	2900	9/30/2011	Theft	9	2011
KCI USA, Inc.	TX	567	9/8/11	Theft	9	2011
Lebanon Internal Medicine Associates	PA	55000	9/10/11	Improper Disposal	9	2011
St. Joseph Medical Center	MD	5000	9/11/11	Theft	9	2011
TRICARE Management Activity (TMA)	VA	4900000	9/13/2011	Loss	9	2011
UCLA Health System	CA	2761	9/6/11	Theft	9	2011
Logan County Emergeny Ambulance Service Authority	WV	12563	10/1/11	Theft	10	2011
Lawrence Memorial Hospital	KS	8275	09/20/2011 - 10/28/2011	Unauthorized Access	9	2011
Sutter Medical Foundation	AL	943434	10/15/2011	Theft	10	2011
Medcenter One	ND	650	10/21/2011	Theft	10	2011
Dallas County Hospital District dba Parkland Health & Hospital System	TX	2464	9/5/11	Unauthorized Access	9	2011
University of Kentucky UK HealthCare	KY	878	9/25/2011	Loss	9	2011
State of Tennessee Sponsored Group Health Plan	TN	1770	10/6/11	Unauthorized Access	10	2011
Cleveland Clinic Florida	FL	772	10/3/11	Loss	10	2011
Jay C. Platt, DDS	IN	10705	10/6/11	Theft	10	2011
Rite Aid Corporation 	PA	2900	10/7/11	Other	10	2011
Advanced Occupational Medicine Specialists	IL	7226	10/12/11	Unauthorized Access	10	2011
Open MRI of Chicago	IL	2000	9/6/11	Improper Disposal	9	2011
University of Nebraska Medical Center	NE	611	11/15/2011	Theft	11	2011
Roberts S. Smith M.D. Inc.	GA	17000	10/17/2011	Theft	10	2011
Paul C. Brown, MD, PS	WA	4693	10/14/2011 - 10/17/2011	Theft	10	2011
Molina Healthcare of California	CA	11081	9/23/2009	Other	9	2009
Aegis Sciences Corporation	TN	2185	11/22/2011	Theft	11	2011
Soundpath Health, Inc	WA	7581	11/22/2011	Theft	11	2011
Concentra Health	TX	870	11/30/2011	Theft	11	2011
Sleep HealthCenters LLC	MA	2988	11/23/2011	Theft	11	2011
Smile Designs	FL	1670	12/1/11	Theft	12	2011
PBH	NC	50000	11/15/2011	Unauthorized Access	11	2011
CardioNet, Inc	PA	1300	11/10/11	Theft	11	2011
MDwise, Inc.	IN	2700	2/10/11	Unauthorized Access	2	2011
Ford Motor Company	MI	1700	1/3/12	Other	1	2012
Foundation Medical Partners	NH	771	11/19/2011 - 12/01/2011	Theft	11	2011
Kansas Department on Aging	KS	7757	1/11/12	Theft	1	2012
Delta Dental of California	CA	11646	12/22/2011 - 12/23/2011	Other	12	2011
Muskogee Regional Medical Center	OK	844	12/5/11	Loss	12	2011
Department of Medical Assistance Services	VA	1444	11/02/2011 - 11/16/2011	Unauthorized Access	11	2011
Oldendorf Medical Services, PLLC	NY	549	1/17/2012	Theft	1	2012
St.Vincent Physician Network	IN	1423	12/01/2010-11/21/2011	Theft	12	2010
Flex Physical Therapy	WA	3100	12/30/2011	Theft	12	2011
Metro Community Provider Network	CO	3200	12/5/11	Hacking	12	2011
University of Miami 	FL	1219	11/24/2011	Theft	11	2011
UnitedHealth Group health plan single affiliated covered entity	MN	6678	12/15/2011	Other	12	2011
Triumph, LLC	NC	2000	12/13/2011	Theft	12	2011
Fairview Health Services	MN	14000	7/25/2011	Theft	7	2011
Loma Linda University Medical Center (LLUMC)	CA	1366	12/19/2011	Other	12	2011
Ford Motor Company Salaried Health Reimbursement Arrangement (HRA) Plan	MI	1700	12/29/2011	Other	12	2011
Medco Health Solutions, Inc.	NJ	1287	11/30/2011	Theft	11	2011
Lakeview Medical Center	WI	698	1/4/12	Theft	1	2012
Goshen Health System, Inc.	IN	660	12/22/2011	Hacking	12	2011
Georgetown University Hospital	DC	1549	11/1/11	Unauthorized Access	11	2011
Motion Picture Industry Health Plans (MPI)	CA	703	09/23/2009 - 12/02/2011	Other	9	2009
Ochsner Health System	LA	2088	1/19/2012	Loss	1	2012
Applegate Valley Family Medicine	OR	2300	12/01/2011-12/17/2011	Theft	12	2011
CardioNet, Inc.	PA	728	12/29/2011	Theft	12	2011
Presbyterian Healthcare Services	NM	7000	12/29/2011	Theft	12	2011
Alliant Health Plans, Inc.	GA	632	1/1/12	Unauthorized Access	1	2012
FIRST MEDICAL CENTER, INC.	PR	7706	1/11/12	Theft	1	2012
Lee Miller Rehabilitation Associates	MD	10480	1/15/2012	Theft	1	2012
Jeremaih J. Twomey, F.A.C.P., P.A.	TX	2559	12/31/2011	Theft	12	2011
Anchorage Community Mental Health Services Inc.	AK	2743	12/20/2011 - 01/04/2012	Unauthorized Access	12	2011
Robley Rex VA Medical Center 	KY	1182	1/9/12	Other	1	2012
Indiana Internal Medicine Consultants	IN	20000	2/11/12	Theft	2	2012
Policlinica La Familia IPA 343	PR	5994	1/11/12	Theft	1	2012
Servicios Medicos Integrados de Fajardo	PR	10000	1/11/12	Theft	1	2012
Proveedores Aliados por tu SAlud	PR	4645	1/12/12	Theft	1	2012
Centro de Servicios de Cuidados Dirigidos, Inc. d/b/a Metro Salud grupo Profesional	PR	27098	1/11/12	Theft	1	2012
Kern Medical Center 	CA	1431	2/25/2012	Theft	2	2012
William F. DeLuca Jr., M.D.	NY	577	1/16/2012	Theft	1	2012
Grupo Medico IPA -341	PR	7923	1/11/12	Theft	1	2012
Advanced Clinical Research Institute	CA	875	1/26/2012	Theft	1	2012
Access Medical Group -IPA 344	PR	7606	1/11/12	Theft	1	2012
Georgia Health Sciences University	GA	513	1/18/2012	Theft	1	2012
Baylor Heart and Vascular Center, LLP	TX	1972	1/26/2012	Theft	1	2012
Chicago Musculoskeletal Institute/Metro Orthopedics	IL	750	12/31/2011	Other	12	2011
Tufts Associated Health Maintenance Organization, Inc. and Tufts Insurance Company	MA	3482	01/17/2012-02/02/2012	Other	1	2012
Duke University Health System	NC	1370	07/01/2008 - 11/30/2011	Unauthorized Access	7	2008
St. Joseph's Medical Center	CA	712	2/2/12	Theft	2	2012
UnitedHealth Group health plan single affiliated covered entity	MN	3537	6/28/2011	Unauthorized Access	6	2011
CenterLight Healthcare	NY	642	1/27/2012	Unauthorized Access	1	2012
Lake Granbury Medical Center	TX	502	2/13/2012	Theft	2	2012
County of Wayne Department of Personnel/Human Resources Benefits Administration Division	MI	1229	3/16/2012	Unauthorized Access	3	2012
St. Elizabeth's Medical Center	MA	6831	2/1/12	Loss	2	2012
The Neighborhood Christian Clinic	AZ	9565	2/7/12	Loss	2	2012
AccentCare Home Health of California, Inc. Medicare # 057564    CA state License # 080000226	CA	1000	04/20/2012 - 04/21/2012	Unauthorized Access	4	2012
Seton Health Plan	TX	555	3/9/12	Unauthorized Access	3	2012
awklein a med corp	CA	2000	2/1/11	Theft	2	2011
Utah Department of Health	UT	780000	03/10/2012-04/02/2012	Hacking	3	2012
IU Medical Group	IN	1000	4/11/12	Improper Disposal	4	2012
Rhinebeck Health Center/Center for Progressive Medicine	NY	6745	11/15/2011-12/14/2011	Theft	11	2011
Memorial Healthcare System	FL	9497	08/01/2011 - 02/12/2012	Other	8	2011
Roy E. Gondo, M.D.	WA	2100	2/21/2012	Theft	2	2012
DRD Management, Inc. D/B/A DRD Knoxville Medical Clinic - Central	TX	1000	2/16/2012	Improper Disposal	2	2012
Emory Healthcare	GA	315000	02/07/2012 - 02/20/2012	Unknown	2	2012
Rex Smith, DPM -Rex Smith Podiatry 	OR	20915	2/19/2012	Theft	2	2012
Desert AIDS Project	CA	4400	4/12/12	Theft	4	2012
University of Arkansas for Medical Sciences	AR	7121	2/15/2012	Unauthorized Access	2	2012
TLC DENTAL DANIA, LLC	FL	750	4/23/2012	Theft	4	2012
South Carolina Department of Health and Human Services	SC	228435	01/31/2012 - 04/02/2012	Unauthorized Access	1	2012
Oregon Health Authority	OR	550	4/13/2012	Theft	4	2012
SHIELDS For Families 	CA	961	2/27/2012	Theft	2	2012
Safe Ride Services, Inc	AZ	42000	8/31/2011	Unauthorized Access	8	2011
IntraCare North Hospital	TX	750	03/15/2011 - 08/18/2011	Theft	3	2011
Oakland Vision Services, PC	MI	3000	4/9/12	Hacking	4	2012
Stephen Haggard, DPM Podiatry 	WA	1597	3/4/12	Theft	3	2012
Baptist Health System	AL	1655	3/8/12	Improper Disposal	3	2012
University of Houston for UH College of Optometry	TX	7000	02/22/2012-02/23/2012	Unauthorized Access	2	2012
Rite Aid Store 1343	WV	2905	3/26/2012	Theft	3	2012
Iowa Department of Human Services	IA	3000	02/06/2012 - 03/14/2012	Improper Disposal	2	2012
Hogan Services Inc. Health Care Premium Plan	MO	1134	3/30/2012	Unauthorized Access	3	2012
Family HealthServices Minnesota, P.A.	MN	4000	3/30/2012	Theft	3	2012
St. Mary Medical Center	CA	3900	5/7/12	Loss	5	2012
Fairview Health Services	MN	623	7/25/2011	Theft	7	2011
Our Lady of the Lake Regional Medical Center	LA	17000	3/16/2012	Theft	3	2012
UnitedHealth Group health plan single affiliated covered entity	MN	19100	06/28/2011 - 12/12/2011	Unauthorized Access	6	2011
West Dermatology	CA	1900	04/21/2012 - 04/22/2012	Theft	4	2012
Duke University Health System	NC	591	04/21/2004-02/16/2012	Unauthorized Access	4	2004
Luz Colon, DPM  Podiatry 	FL	1137	3/20/2012	Theft	3	2012
Ameritas Life Insurance Corp. 	NE	3000	3/21/2012	Theft	3	2012
Children's Hospital Boston	MA	2159	3/25/2012	Theft	3	2012
Upper Valley Medical Center	OH	15000	10/01/2010-03/21/2012	Unauthorized Access	10	2010
Physician's Automated Laboratory	CA	745	03/23/2012 - 03/26/2012	Theft	3	2012
Phoebe Putney Memorial Hospital, Inc. 	GA	12937	07/26/2010-03/29/2012	Theft	7	2010
Independence Physical Therapy	CT	925	8/1/11	Theft	8	2011
Titus Regional Medical Center	TX	5700	3/27/2012	Loss	3	2012
Titus Regional Medical Center	TX	500	3/29/2012	Theft	3	2012
Lutheran Community Services Northwest	WA	756	03/29/2012-03/30/2012	Theft	3	2012
Volunteer State Health Plan, Inc. 	TN	1102	03/16/2012-04/20/2012	Loss	3	2012
Charlie Norwood VA Medical Center	GA	824	3/30/2012	Loss	3	2012
Mid America Health, Inc.	IN	1444	4/6/12	Theft	4	2012
Metcare of Florida, Inc.	FL	2557	05/01/2012 - 05/02/2012	Theft	5	2012
Robert Witham, MD, FACP	OR	11136	4/16/2012	Theft	4	2012
Memorial Sloan-Kettering Cancer Center	NY	568	08/13/2009-04/12/2012	Theft	8	2009
Gessler Clinic, P.A.	FL	1409	05/03/2012-05/04/2012	Theft	5	2012
University of Kentucky HealthCare	KY	4490	5/1/12	Theft	5	2012
Wolf & Yun	KY	824	4/24/2012	Theft	4	2012
Karen Kietzman	MT	708	4/22/2012	Theft	4	2012
Bruce G. Peller, DMD, PA	NC	9953	4/22/2012	Unauthorized Access	4	2012
Sharon L. Rogers, Ph.D., ABPP	TX	585	6/16/2012	Theft	6	2012
Health Texas Provider Network - Cardiovascular Consultants of North Texas	TX	2462	03/16/2012 - 05/11/2012	Unauthorized Access	3	2012
SwedishAmerican Health System	IL	1500	5/31/2012	Theft	5	2012
River Arch Dental	CA	2533	5/12/12	Loss	5	2012
Hamner Square Dental 	CA	1112	5/12/12	Theft	5	2012
Visiting Nurse Services of Iowa	IA	1298	5/27/2012	Theft	5	2012
Molalla Family Dental	OR	4354	5/17/2012	Unauthorized Access	5	2012
Pamlico Medical Equipment LLC	NC	2917	5/16/2012	Loss	5	2012
Beth Israel Deaconess Medical Center	MA	3900	5/22/2012	Theft	5	2012
NYU School of Medicine Faculty Group Practice	NY	8488	5/22/2012	Theft	5	2012
Adult & Child Center, Inc.	IN	550	5/10/12	Hacking	5	2012
The Surgeons of Lake County, LLC	IL	7067	06/22/2012-06/25/2012	Other	6	2012
Kindred Healthcare Inc d/b/a Kindred Transitional Care and Rehabilitation-Sellersburg	IN	1504	06/01/2012-06/04/2012	Theft	6	2012
Jeffrey Paul Edelstein M.D.	AZ	4800	5/28/2012	Theft	5	2012
Northwestern Memorial Hospital	IL	4211	6/11/12	Theft	6	2012
Walgreen Co.	IL	1240	7/5/12	Theft	7	2012
VNA HealthCare	CT	7461	6/25/2012	Theft	6	2012
Hartford Hospital	CT	2097	6/25/2012	Theft	6	2012
Diversified Support Services	IN	505	5/10/12	Hacking	5	2012
Oregon Health & Science University	OR	702	7/4/12	Theft	7	2012
Stanford Hospital & Clinics and School of Medicine	CA	2300	07/15/2012 - 07/16/2012	Theft	7	2012
Midtown Mental Health Center	IN	890	5/10/12	Hacking	5	2012
Harris County Hospital District	TX	2875	04/14/2008 - 02/28/2011	Theft	4	2008
Howard University Hospital	DC	66601	1/25/2012	Theft	1	2012
TEMPLE COMMUNITY HOSPITAL	CA	603	7/3/12	Theft	7	2012
Memorial Healthcare System	FL	105646	01/01/2011 - 07/05/2012	Theft	1	2011
Liberty Resources, Inc.	PA	3183	8/4/12	Theft	8	2012
The University of Texas MD Anderson Cancer Center	TX	2264	7/13/2012	Loss	7	2012
Central States Southeast and Siouthwest Areas Health & Welfare Fund	IL	754	7/31/2012	Unauthorized Access	7	2012
LANA MEDICAL CARE	FL	500	8/18/2012	Theft	8	2012
Cancer Care Group, P.C.	IN	55000	7/19/2012	Theft	7	2012
Tricounty Behavioral Health Clinic	GA	4000	8/26/2012	Theft	8	2012
Sierra Plastic Surgery	NV	800	08/19/2011-09/20/2011	Unauthorized Access	8	2011
Charlotte Clark-Neitzel, MD	WA	942	7/24/2012	Theft	7	2012
University of Miami	FL	64846	7/18/2012	Unauthorized Access	7	2012
University of New Mexico Health Sciences Center	NM	2365	5/21/2012	Hacking	5	2012
Valley Plastic Surgery, P.C.	VA	4873	7/15/2012	Theft	7	2012
Colon & Digestive Health Specialists	AR	5713	7/16/2012	Loss	7	2012
BHcare, Inc	CT	5827	7/19/2012	Theft	7	2012
The Feinstein Institute for Medical Research	NY	13000	9/2/12	Theft	9	2012
St. Therese Medical Group, Inc	CA	3031	7/22/2012	Theft	7	2012
Cabinet for Health and Family Services, Department for Community Based Services (Protection and Permanency)	KY	2500	7/20/2012	Unauthorized Access	7	2012
Litton & Giddings Radiological Associates, P.C.	MO	13074	07/31/2012 - 08/02/2012	Improper Disposal	7	2012
Apria Healthcare, Inc.	CA	65700	6/14/2012	Theft	6	2012
Alexander J. Tikhtman, M.D.	KY	2376	8/15/2012	Loss	8	2012
Gulf Coast Health Care Services Inc	FL	13000	8/17/2012	Theft	8	2012
Blount Memorial Hospital, Inc	TN	27799	8/25/2012	Theft	8	2012
Alere Home Monitoring, Inc	CA	116506	9/23/2012	Theft	9	2012
Coastal home Respiratory, LLP	GA	3440	10/4/12	Theft	10	2012
 Philip P Corneliuson, DDS, INC.	CA	980	9/15/2012	Theft	9	2012
First Step Counseling, Inc.	NJ	638	05/01/2011 - 08/05/2011	Theft	5	2011
Logan Community Resources, Inc.	IN	2900	8/24/2012	Hacking	8	2012
David DiGiallorenzo, D.M.D.	PA	2600	9/17/2012	Unauthorized Access	9	2012
CVS Caremark	RI	955	8/13/2012	Theft	8	2012
Memorial Hospital	OH	500	8/29/2012	Improper Disposal	8	2012
SURGICAL ASSOCIATES OF UTICA, PC	NY	1017	9/18/2012	Theft	9	2012
Illinois Department of Healthcare and Family Services	IL	508	8/31/2012	Theft	8	2012
Miami Beach Healthcare Group Ltd. dba Aventura Hospital and Medical Center	FL	2560	01/01/2012 - 09/12/2012	Theft	1	2012
WYATT DENTAL GROUP, LLC	LA	10271	11/04/2011 -04/15/2012	Theft	11	2011
Women & Infants Hospital of Rhode Island	RI	14004	9/13/2012	Loss	9	2012
Memorial Health System	CO	6262	5/1/12	Loss	5	2012
CHRISTUS St. John Hospital	TX	5748	9/25/2012	Loss	9	2012
L.A. Care Health Plan	CA	18000	09/17/2012-09/20/2012	Other	9	2012
Hawaii State Department of Health, Adult Mental Health Division	HI	674	9/25/2012	Hacking	9	2012
Soundental Associates, PC	CT	14511	9/24/2012	Theft	9	2012
Original Medicine Acupuncture & Wellness, LLC	NM	540	09/07/2012 - 09/09/2012	Theft	9	2012
Brigham and Women's Hospital	MA	615	10/16/2012	Theft	10	2012
St. Francis Health Network, aka Franciscan Alliance ACO	IN	2575	10/19/2012	Other	10	2012
James M. McGee, D.M.D., P.C.	GA	1306	09/19/2012 - 09/26/2012	Theft	9	2012
Robbins Eye Center PC	CT	1749	10/7/12	Theft	10	2012
Advanced Data Processing, Inc.	FL	10000	06/15/2012 -10/01/2012	Theft	6	2012
Cuyahoga County Board of Developmental Disabilities	OH	613	11/2/12	Theft	11	2012
Okaloosa County Public Safety	FL	715	06/15/2012 - 10/01/2012	Theft	6	2012
City of Covington Kentucky Fire Department 	KY	1548	06/15/2012-10/01/2012	Theft	6	2012
Northern Trust	IL	500	9/13/2012	Unauthorized Access	9	2012
Vidant Pungo Hospital	NC	1100	10/4/12	Improper Disposal	10	2012
County of San Bernardino Department of Public Heatlh	CA	1370	09/28/2012 - 09/30/2012	Unauthorized Access	9	2012
City of Overland Park Fire Department	FL	911	06/15/2012 - 10/01/2012	Theft	6	2012
Sumner County Emergency Medical Services	TN	774	06/15/2012 - 10/01/2012	Theft	6	2012
City of El Centro Fire Department	CA	1500	10/1/12	Theft	10	2012
Landmark Medical Center	RI	683	10/1/12	Theft	10	2012
City of Atlanta/ Atlanta Fire Rescue Department	GA	908	06/15/2012-10/01/2012	Theft	6	2012
University of Virginia Medical Center	VA	1846	10/5/12	Loss	10	2012
Osceola County EMS 	FL	949	06/15/2012-10/01/2012	Theft	6	2012
Carolinas Medical Center - Randolph	NC	5600	03/11/2012 - 10/08/2012	Hacking	3	2012
Coastal Behavioral Healthcare, Inc.	FL	4907	4/11/11	Theft	4	2011
CCS Medical, Inc.	TX	6601	05/01/2012 - 09/21/2012	Unauthorized Access	5	2012
City of Gloucester, Fire Department	MA	1286	06/15/2012-10/01/2012	Theft	6	2012
Columbia University Medical Center and NewYork-Presbyterian Hospital	NY	4929	10/12/2012-10/15/2012	Theft	10	2012
Baptist Health System	AR	811	10/13/2012-10/27/2012	Other	10	2012
DFA, Employee Benefits Division	AR	7039	10/13/2012 - 10/27/2012	Other	10	2012
Health Advantage	AR	2863	10/13/2012 - 10/27/2012	Other	10	2012
University of Michigan Health System	MI	3999	11/14/2012	Theft	11	2012
Westerville Dental Center	OH	850	12/2/12	Theft	12	2012
OHP PHSP, Inc.	NY	28187	08/31/2012 - 09/21/2012	Unauthorized Access	8	2012
Center for Orthopedic Research and Education, Inc.	AZ	35488	10/20/2012 - 10/21/2012	Theft	10	2012
Calif. Dept. of Health Care Services (DHCS)	CA	2643	12/10/2012 - 12/18/2012	Unauthorized Access	12	2012
Richard Switzer MD PC	MI	4100	11/29/2011	Other	11	2011
Gibson General Hospital	IN	28893	11/27/2012	Theft	11	2012
Sovereign Medical Group, LLC	NJ	27800	10/10/12	Theft	10	2012
Cabinet for Health & Family Services, Department of Medicaid Services	KY	1090	11/15/2012	Hacking	11	2012
Harbor Medical Associates, P.C.	MA	4343	10/18/2012 - 11/04/2012	Hacking	10	2012
Sentara Healthcare	VA	56820	11/14/2012	Theft	11	2012
St. Mark's Medical Center	TX	2988	5/21/2012	Hacking	5	2012
Group Health Incorporated	NY	1771	11/13/2012	Theft	11	2012
Calvin Schuster,MD	CA	532	11/4/12	Theft	11	2012
Granite Medical Group, Inc.	MA	4125	01/02/2010 - 11/15/2012	Hacking	1	2010
University of Nevada School of Medicine	NV	1483	10/11/12	Improper Disposal	10	2012
Dimensions Healthcare System	MD	635	11/16/2012	Unauthorized Access	11	2012
SilverScript Insurance Company	AZ	852	10/31/2012	Unauthorized Access	10	2012
South Jersey Hospital Inc.	NJ	8555	11/14/2012	Theft	11	2012
Child & Family Psychological Services, Inc.	MA	7250	10/18/2012-10/29/2012	Hacking	10	2012
Pousson Family Dentistry	LA	1400	12/3/12	Theft	12	2012
South Shore Medical Center	MA	4100	01/01/2007-11/15/2012	Hacking	1	2007
Lee D. Pollan, DMD, PC	NY	19178	11/06/2012-11/15/2012	Theft	11	2012
Washington University School of Medicine	MO	1105	11/28/2012	Theft	11	2012
Riderwood Village	MD	3230	11/18/2012	Theft	11	2012
WAYNE MEMORIAL HOSPITAL	PA	1184	12/3/12	Loss	12	2012
Baptist Health System	TX	678	8/14/2011	Unauthorized Access	8	2011
Baillie Lumber Co. Group Health Plan	NY	725	11/27/2012	Theft	11	2012
The University of Texas MD Anderson Cancer Center	TX	29021	4/30/2012	Theft	4	2012
Western Wisconsin Medical Association, S.C. - River Falls Medical Clinics	WI	2400	05/30/2012-08/31/2012	Theft	5	2012
Boy Scouts of America Employee Benefit Plan	TX	8911	09/15/2012-11/30/2012	Theft	9	2012
Kmart Corporation	IL	16988	1/2/13	Improper Disposal	1	2013
Community Services NW	AL	2400	12/6/12	Theft	12	2012
American HomePatient Inc. 	TN	1103	10/11/12	Theft	10	2012
Yadkinville Chiropractic DCPA	NC	1000	2/1/13	Theft	2	2013
Intervention Services, Inc.	FL	1200	1/19/2013	Theft	1	2013
West Georgia Ambulance	GA	500	12/13/2012	Loss	12	2012
Center for Pain Management, LLC	MD	5822	1/22/2013	Theft	1	2013
Multiple Health Plans	CA	1368	12/7/13	Theft	12	2013
Froedtert Health	WI	43549	10/27/2012-12/13/2012	Unauthorized Access	10	2012
Jackson Health System	FL	566	05/26/2011 - 02/18/2012	Other	5	2011
Riderwood Village	MD	5270	11/18/2012	Theft	11	2012
Kindred Healthcare, Inc. d/b/a Kindred Transitional Care and Rehabilitation - Marl	MA	716	12/15/2012-12/17/2012	Theft	12	2012
HomeCare of Mid-Missouri, Inc.	MO	4027	12/14/2012	Theft	12	2012
Heyman HospiceCare at Floyd	GA	1819	1/4/13	Theft	1	2013
Agency for Health Care Administration	FL	1892	11/01/2012 - 12/20/2012	Unauthorized Access	11	2012
ABQ HealthPartners	NM	778	12/20/2012	Theft	12	2012
Terrell County Health Department	GA	18000	01/09/2012 -  04/17/2012	Unauthorized Access	1	2012
Florida Healthy Kids Corporation	FL	3667	11/01/2012-12/20/2012	Unauthorized Access	11	2012
Stronghold Counseling Services Inc	SD	8500	12/24/2012	Theft	12	2012
Arizona Oncology	AZ	501	11/21/2012	Theft	11	2012
Crescent Health Inc. - a Walgreens Company	CA	109000	12/28/2012	Theft	12	2012
County of San Bernardino, Department of Behavioral Health	CA	686	1/12/13	Theft	1	2013
WOMENS HEALTH ENTERPRISE, INC.	GA	3000	1/2/13	Theft	1	2013
The Brookdale University Hospital and Medical Center	NY	2261	8/11/12	Theft	8	2012
The Brookdale University Hospital and Medical Center	NY	28187	9/21/2012	Theft	9	2012
Ultra Stores, Inc.	IL	500	9/13/2012	Unauthorized Access	9	2012
South Miami Hospital	FL	834	6/1/11	Unauthorized Access	6	2011
Lancaster General Medical Group	PA	527	2/5/13	Theft	2	2013
Maine Medical Center	ME	1920	2/27/2013	Other	2	2013
State of California, Dept. of Developmental Services	CA	18162	11/10/12	Theft	11	2012
Utah Department of Health 	UT	6332	01/10/2013-01/11/2013	Loss	1	2013
Sports Rehabilitation Consultants	OH	1200	2/1/13	Theft	2	2013
University of Connecticut Health Center	CT	1382	06/07/2010 - 12/07/2012	Unauthorized Access	6	2010
United HomeCare Services, Inc.	FL	12299	1/8/13	Theft	1	2013
United Home Care Services of Southwest Florida< LLC	FL	1318	1/8/13	Theft	1	2013
catoctin Dental/Richard B. Love, DDS, PA	MD	6400	1/3/13	Hacking	1	2013
Empire Blue Cross Blue Shield	IN	2608	11/01/2011-10/01/2012	Theft	11	2011
Anthem Blue Cross Blue Shield (OH)	IN	1678	11/01/2011-10/01/2012	Theft	11	2011
Anthem Blue Cross Blue Shield (IN)	IN	528	11/01/2011-10/01/2012	Theft	11	2011
Mount Sinai Medical Center	FL	628	10/01/2012 - 02/18/2013	Theft	10	2012
Thomas L. Davis, Jr. DDS	OR	3269	2/12/13	Theft	2	2013
HealthCare for Women, Inc.	MA	8727	01/18/2013-01/23/2013	Hacking	1	2013
University of Mississippi Medical Center	MS	500	11/01/2012-01/19/2013	Loss	11	2012
Granger Medical Clinic	UT	2600	1/17/2013	Theft	1	2013
Texas Tech Unversity Health Sciences Center	TX	697	2/18/2013	Unauthorized Access	2	2013
Rite Aid #10217	RI	2082	2/1/13	Unknown	2	2013
WA Department of Social and Health Services	WA	629	2/4/13	Theft	2	2013
Carpenters Health & Welfare Trust Fund for California	CA	2400	03/11/2013-03/12/2013	Unauthorized Access	3	2013
Shands Jacksonville Medical Center, Inc.	FL	1025	05/02/2012-06/22/2012	Theft	5	2012
University of Florida	FL	14519	03/01/2009 - 10/25/2012	Theft	3	2009
Kmart Corporation	IL	12542	3/17/2013	Theft	3	2013
GLENS FALLS HOSPITAL	NY	2360	11/02/2012 - 03/14/2013	Theft	11	2012
Hospice and Palliative Care Center of Alamance Caswell	NC	5370	2/24/2013	Theft	2	2013
Texas Health Care, P.L.L.C.	TX	554	3/10/13	Theft	3	2013
Network Health Insurance Corporation	WI	3794	2/27/2012	Unauthorized Access	2	2012
Wm. Jennings Bryan Dorn VAMC	SC	7405	2/11/13	Loss	2	2013
John J. Pershing VA Medical Center	MO	589	2/20/2013	Theft	2	2013
Oregon Health & Science University	OR	1076	2/22/2013	Theft	2	2013
Schneck Medical Center	IN	3131	3/14/2013	Unauthorized Access	3	2013
The Guidance Center of Westchester	NY	1416	2/21/2013	Theft	2	2013
Hope Hospice	TX	818	12/27/2012 - 02/22/2013	Other	12	2012
IHC Health Services, Inc. dba Intermountain Life Flight	UT	857	3/28/2013	Unauthorized Access	3	2013
Valley Mental Health	UT	700	2/27/2013	Theft	2	2013
Delta Dental of Pennsylvania	PA	14829	3/20/2013	Loss	3	2013
Raleigh Orthopaedic Clinic	NC	17300	1/15/2013	Theft	1	2013
Laboratory Corporation of America	NC	1580	3/15/2013	Theft	3	2013
Arizona Counseling & Treatment Services, LLC	AZ	3800	03/18/2013-03/25/2013	Theft	3	2013
Wood County Hospital	OH	2500	3/19/2013	Theft	3	2013
University of Rochester Medical Center & Affiliates	NY	537	2/15/2013	Loss	2	2013
Orthopedics & Adult Reconstructive Surgery	TX	22000	03/01/2013 - 03/13/2013	Loss	3	2013
El Centro Regional Medical Center	CA	189489	11/7/12	Improper Disposal	11	2012
Seattle - King County Department of Public Health	WA	750	3/7/13	Improper Disposal	3	2013
Regional Medical Center	TN	1180	2/4/13	Unauthorized Access	2	2013
Presbyterian Anesthesia Associates PA	NC	9988	4/1/13	Hacking	4	2013
Integrity Oncology, an office of Baptist Medical Group	TN	539	3/5/13	Other	3	2013
Piedmont HealthCare, P.A.	NC	1924	3/28/2013	Hacking	3	2013
Indiana University Health Arnett	IN	10350	4/9/13	Theft	4	2013
Dent Neurologic Group, LLP	NY	10000	5/13/2013	Other	5	2013
City of Norwood	OH	9577	04/14/2013 - 04/19/2013	Loss	4	2013
Lutheran Social Services of South Central Pennsylvania	PA	7803	06/01/2012 - 03/07/2013	Hacking	6	2012
Comfort Dental Marion and Kokomo	IN	5388	03/14/2013-03/18/2013	Improper Disposal	3	2013
Erskine Family Dentistry	IN	2723	3/19/2013	Hacking	3	2013
Health Resources of Arkansas	AR	1900	4/14/2013	Theft	4	2013
Various Health Plans	AL	3164	04/14/2013-04/15/2013	Theft	4	2013
Independence Care System	NY	2434	5/7/13	Theft	5	2013
Sonoma Valley Hospital	CA	1386	2/14/2013	Other	2	2013
University of Florida	FL	5875	02/01/2012- 04/11/2013	Theft	2	2012
Community Support Services, Inc.	OH	1167	03/20/2013-03/26/2013	Theft	3	2013
UMASSAmherst	MA	1670	10/22/2012	Hacking	10	2012
Palm Beach County Health Department	FL	877	1/7/13	Unauthorized Access	1	2013
Lucile Packard Children's Hospital	CA	12900	5/8/13	Theft	5	2013
Fayetteville VAMC	NC	1093	4/17/2013	Improper Disposal	4	2013
Lincoln County Health and Human Services/Lincoln Community Health Center	OR	959	4/17/2013	Unauthorized Access	4	2013
Union Security Insurance Company	MO	1127	5/17/2013	Improper Disposal	5	2013
Gulf Breeze Family Eyecare, Inc	FL	9626	03/08/2013-05/09/2013	Theft	3	2013
Jacksonville Spine Center	FL	5200	4/25/2013	Unauthorized Access	4	2013
Iowa Department of Human Services	IA	7335	4/30/2013	Loss	4	2013
James A. Fosnaugh	NE	2125	05/01/2013 - 05/03/2013	Loss	5	2013
Lone Star Circle of Care	TX	1955	05/01/2013-05/02/2013	Theft	5	2013
Aflac	GA	679	5/9/13	Theft	5	2013
Indiana Family & Social Services Administration	IN	187533	04/06/2013-05/21/2013	Other	4	2013
Northrop Grumman Retiree Health Plan	VA	4305	5/20/2013	Theft	5	2013
Health Net, Inc.	CA	8331	04/01/2013 - 05/31/2013	Other	4	2013
South Florida Neurology Associates, P.A.	FL	900	05/25/2013-05/30/2013	Theft	5	2013
Samaritan Regional Health System	OH	2203	5/29/2013	Other	5	2013
MED-EL Coproration	NC	609	6/25/2013	Other	6	2013
Sutter Health East Bay Region (Alta Bates Summit Medical Center; Sutter Delta Medical Center; Eden Medical Center)	CA	4479	3/1/11	Unauthorized Access	3	2011
Illinois Department of Healthcare and Familiy Services	IL	3133	5/8/13	Other	5	2013
Delta Dental of Pennsylvania	PA	4718	5/13/2013	Loss	5	2013
Medtronic, Inc.	MN	2764	03/28/2013-03/29/2013	Loss	3	2013
Texas Health Harris Methodist Hospital Fort Worth	TX	277014	5/11/13	Improper Disposal	5	2013
Long Beach Memorial Medical Center	CA	2864	09/01/2012-07/01/2013	Unauthorized Access	9	2012
Hansen & Associates	WY	2700	05/21/2013-05/29/2013	Theft	5	2013
Sheet Metal Local 36 Welfare Fund	MO	4560	08/01/2012-07/08/2013	Unauthorized Access	8	2012
Harris County	TX	21000	08/15/2005 - 06/14/2007	Unauthorized Access	8	2005
San Jose Medical Supply Co., Inc.	CA	800	10/01/2011-11/31/2011	Theft	10	2011
GEO Care, LLC	FL	710	4/16/2013	Unauthorized Access	4	2013
The Brookdale Hospital and Medical Center	NY	2700	5/24/2013	Loss	5	2013
Louisiana State University Health Care Services Division	LA	6994	12/1/11	Unauthorized Access	12	2011
Oregon Health & Science University	OR	1361	01/01/2011-07/03/2013	Unauthorized Access	1	2011
Rocky Mountain Spine Clinic, P.C.	CO	532	6/11/13	Theft	6	2013
Vitreo-Retinal Medical Group, Inc. 	CA	1837	6/5/13	Theft	6	2013
Arkansas Department of Human Services	AR	1911	4/14/2013	Theft	4	2013
Baylor All Saints Medical Center at Fort Worth	TX	940	05/07/2013-06/06/2013	Unauthorized Access	5	2013
Cogent Healthcare, Inc.	TN	32151	05/05/2013-06/24/2013	Unauthorized Access	5	2013
Young Family Medicine Inc.	OH	2045	6/12/13	Theft	6	2013
Hancock OB/GYN	IN	1396	11/09/2011 - 06/17/2013	Unauthorized Access	11	2011
Colfax	IN	5497	4/11/13	Other	4	2013
Missouri Department of Social Services	MO	1357	10/16/2011 - 06/07/2013	Unauthorized Access	10	2011
Foundations Recovery Network	TN	5690	6/15/2013	Theft	6	2013
California Correctional Health Care Services	CA	1033	6/19/2013	Other	6	2013
North Texas Comprehensive Spine & Pain Center	TX	3200	6/16/2013	Theft	6	2013
Minne-Tohe Health Center/Elbowoods Memorial Health Center	ND	10000	10/1/11	Improper Disposal	10	2011
Jackson Health System	FL	1471	01/08/2013 - 01/10/2013	Other	1	2013
Advocate Health and Hospitals Corporation, d/b/a Advocate Medical Group	IL	4029530	7/15/2013	Theft	7	2013
Summit Community Care Clinic, Inc.	CO	921	7/22/2013	Hacking	7	2013
UT Physicians	TX	596	07/22/2013-08/02/2013	Theft	7	2013
Parkview Community Hospital Medical Center	CA	32000	05/05/2013 - 06/24/2013	Other	5	2013
Atlanta Center for Reproductive Medicine	GA	654	7/12/13	Other	7	2013
St. Anthony's Physician Organization	MO	2600	7/29/2013	Theft	7	2013
Janna Benkelman LPC LLC	CO	1500	8/1/13	Theft	8	2013
Olson & White Orthodontics	MO	10000	7/22/2013	Theft	7	2013
Kaiser Foundation Health Plan of the Northwest	OR	647	3/15/2013	Unauthorized Access	3	2013
Hankyu Chung, M.D.	CA	2182	6/17/2013	Theft	6	2013
ICS Collection Service, Inc. on behalf of University of Chicago Physicians Group	IL	1290	7/9/13	Hacking	7	2013
ACO of Puerto Rico	PR	5000	03/05/2013 - 07/16/2013	Theft	3	2013
NHC HealthCare, Oak Ridge	TN	4268	5/10/13	Loss	5	2013
NHC HealthCare, Mauldin	SC	4204	5/15/2013	Improper Disposal	5	2013
Advocate Health and Hospitals Corporation d/b/a Advocate Medical Group 	IL	2029	06/30/2013 - 08/15/2013	Hacking	6	2013
Dreyer Medical Clinic	IL	998	06/30/2013 - 08/15/2013	Hacking	6	2013
South Shore Physicians, PC	NY	8000	01/01/2006 - 01/12/2012	Theft	1	2006
Dermatology Associates of Tallahassee	FL	916	9/4/13	Unknown	9	2013
Sierra View District Hospital	CA	1009	07/01/2013 - 08/02/2013	Unauthorized Access	7	2013
Missouri Department of Social Services	MO	25461	12/21/2009 - 06/07/2013	Unauthorized Access	12	2009
Holy Cross Hospital, Inc.	FL	9900	8/14/2013	Theft	8	2013
Region Ten Community Services Board	VA	10228	7/29/2013	Hacking	7	2013
Comprehensive Podiatry LLC	OH	1360	8/3/13	Theft	8	2013
Santa Clara Valley Medical Center	CA	579	09/14/2013 - 09/15/2013	Theft	9	2013
Sarah Benjamin, DPM - Littleton Podiatry 	CO	3512	8/27/2013	Theft	8	2013
Carol L. Patrick, Ph.D.	OH	517	08/08/2013-08/09/2013	Theft	8	2013
HOPE Family Health	TN	6932	8/4/13	Theft	8	2013
Paul G. Klein, DPM	NJ	2500	10/1/13	Theft	10	2013
UnityPoint Health Affiliated Covered Entity (\UnityPoint\)	IA	1825	02/01/2013-08/27/2013	Unauthorized Access	2	2013
TSYS Employee Health Plan	GA	5232	9/5/13	Theft	9	2013
University of California, San Francisco	CA	3553	9/9/13	Theft	9	2013
Reconstructive Orthopaedic Associates II, P.C. d/b/a Rothman Institute	PA	2350	03/18/2013-05/13/2013	Theft	3	2013
Group Health Cooperative	WA	1015	9/16/2013	Other	9	2013
Schuylkill Health System	PA	2810	8/7/13	Theft	8	2013
CaroMont Medical Group	NC	1310	8/5/13	Other	8	2013
Mount SInai Medical Center	NY	1586	8/6/13	Improper Disposal	8	2013
Memorial Hospital of Lafayette County	WI	4330	8/3/13	Unauthorized Access	8	2013
Saint Louis University	MO	3100	7/25/2013	Unauthorized Access	7	2013
MUSC Physicians & MUHA	SC	7120	6/30/2013	Hacking	6	2013
Ferris State University - MI College of Optometry	MI	3947	12/1/11	Hacking	12	2011
Access Counseling, LLC	IN	566	8/23/2013	Theft	8	2013
Rose Medical Center	CO	606	06/28/2013 - 07/16/2013	Improper Disposal	6	2013
BriovaRx	IL	1067	07/03/2013 - 07/11/2013	Unauthorized Access	7	2013
North Country Hospital and Health Center, Inc	VT	550	9/18/2013	Theft	9	2013
Hope Community Resources, Inc.	AK	1556	8/19/2013	Unauthorized Access	8	2013
Broward Health Medical Center	FL	960	10/01/2012 - 12/31/2012	Unauthorized Access	10	2012
Sentara Healthcare	VA	3645	10/01/2012 - 07/11/2013	Theft	10	2012
Mount Sinai Medical Center	NY	610	8/1/13	Loss	8	2013
Texas Health Presbyterian Dallas Hospital	TX	949	8/22/2013	Theft	8	2013
Seton Healthcare Family	TX	5500	10/4/13	Theft	10	2013
BRONX-LEBANON HOSPITAL CENTER	NY	10930	9/23/2009	Unauthorized Access	9	2009
Martin Luther King Jr. Health Center, Inc.	NY	37000	9/23/2009	Unauthorized Access	9	2009
SSM St. Mary's Health Center	MO	1300	7/25/2013	Unauthorized Access	7	2013
Good Samaritan Hospital	CA	3833	7/8/13	Theft	7	2013
SSM Health Care of Wisconsin DBA: St. Mary's Janesville Hospital	WI	631	8/27/2013	Theft	8	2013
AHMC Healthcare Inc. and affiliated Hospitals	CA	729000	10/12/13	Theft	10	2013
Greater Dallas Orthopaedics, PLLC	TX	5840	8/30/2013	Theft	8	2013
Spirit Home Health Care, Corp	FL	603	9/19/2013	Improper Disposal	9	2013
Rotech Healthcare Inc.	FL	10680	11/26/2010 - 10/01/2013	Unauthorized Access	11	2010
Reimbursement Technologies, Inc.	PA	2300	05/01/2013 - 07/26/2013	Unauthorized Access	5	2013
Comprehensive Psychological Services LLC	SC	3500	10/28/2013	Theft	10	2013
Superior HealthPlan, Inc.	TX	6284	10/4/13	Other	10	2013
Genesis Rehabilitation Services	PA	1167	8/30/2013	Loss	8	2013
Colorado Health & Wellness, Inc.	CO	651	9/4/13	Theft	9	2013
Barnabas Health Medical Group	NJ	1100	9/24/2013	Theft	9	2013
DaVita, a division of DaVita HealthCare Partners Inc	CO	11500	9/6/13	Theft	9	2013
Blue Cross and Blue Shield of North Carolina	NC	687	10/14/2013	Unauthorized Access	10	2013
North Carolina Department of Health and Human Services - Division of State Operated Health Care Facilities  	NC	1315	8/13/2013	Unauthorized Access	8	2013
Puerto Rico Health Insurance Administration (PRHIA)	PR	13336	9/20/2013	Unauthorized Access	9	2013
Triple-S Salud 	PR	70189	9/20/2013	Unauthorized Access	9	2013
Associated Urologists of North Carolina	NC	7300	09/17/2012 - 09/17/2013	Other	9	2012
Kemmet Dental Design 	ND	2000	11/10/13	Theft	11	2013
Hospice of the Chesapeake	MD	7606	8/9/13	Unauthorized Access	8	2013
Scottsdale Dermatology, LTD	AZ	1456	01/01/2013 -10/04/2013	Theft	1	2013
Memorial Sloan-Kettering Cancer Center	NY	2279	8/1/13	Loss	8	2013
Gerdau Ameristeel Health and Welfare Plan	FL	3804	9/27/2013	Theft	9	2013
Gerdau Macsteel Health and Welfare Plan	MI	4837	9/27/2013	Theft	9	2013
UHS-Pruitt Corporation	GA	1300	9/26/2013	Theft	9	2013
United Dynacare, LLC dba Dynacare Laboratories	WI	9328	10/22/2013	Theft	10	2013
Redwood Memorial Hospital	CA	1039	11/6/13	Loss	11	2013
Kaiser Foundation Hospital- Orange County	CA	49000	9/25/2013	Loss	9	2013
Jones Chiropractic and Maximum Health	IN	1500	10/13/2013	Theft	10	2013
Ronald Schubert MD PLLC	WA	950	11/22/2013	Theft	11	2013
UPMC	PA	1279	11/05/2012 - 11/06/2013	Unauthorized Access	11	2012
UW Medicine	WA	76183	10/2/13	Hacking	10	2013
City of Chicago	IL	2080	06/18/2013 - 10/07/2013	Unauthorized Access	6	2013
CIty of Joliet	IL	1573	10/8/13	Unauthorized Access	10	2013
SIU HealthCare	IL	1891	09/13/2013 - 10/15/2013	Theft	9	2013
The Good Samaritan Health Center	GA	5000	11/6/13	Other	11	2013
UniHealth Source	GA	4500	10/8/13	Theft	10	2013
Walgreen Co.	IL	17350	09/18/2013 - 10/04/2013	Other	9	2013
Methodist Dallas Medical Center	TX	44000	09/01/2005 - 08/01/2013	Unauthorized Access	9	2005
Florida Digestive Health Specialists	FL	4400	03/06/2013 -09/09/2013	Unauthorized Access	3	2013
Northside Hospital, Inc.	GA	4879	10/10/13	Loss	10	2013
Health Help, Inc.	KY	535	10/15/2013	Theft	10	2013
L.A. Gay & Lesbian Center	CA	59000	09/17/2013 - 11/08/2013	Hacking	9	2013
Mosaic	NE	3857	10/11/13	Other	10	2013
New Jersey Department of Human Services	NJ	9642	10/18/2013	Loss	10	2013
Fairfax County, Virginia	VA	1499	09/09/2013 - 10/03/2013	Unauthorized Access	9	2013
Wyoming Department of Health	WY	11935	10/16/2013	Unauthorized Access	10	2013
Shiloh Medical Clinic	MT	1900	11/8/13	Unauthorized Access	11	2013
South Carolina Health Insurance Pool	SC	3432	10/16/2013	Theft	10	2013
Tennova Cardiology	TN	2777	10/21/2013	Theft	10	2013
Delta Dental of Pennsylvania	PA	1674	10/16/2013	Loss	10	2013
Molina Healthcare of Texas, Inc.	TX	2826	10/1/13	Other	10	2013
Rob Meaglia, DDS	CA	1400	12/16/2013	Theft	12	2013
Jeff Spiegel	MA	832	11/25/2013	Unauthorized Access	11	2013
Tranquility Counseling Services	NC	1683	11/1/13	Other	11	2013
Florida Department of Health	FL	2354	10/30/2013	Unauthorized Access	10	2013
New Mexico Oncology Hematology Consultants, LTD	NM	12354	11/13/2013	Theft	11	2013
Department of Health Care Policy & Financing	CO	1918	11/21/2013	Unauthorized Access	11	2013
Horizon Healthcare Services, Inc., doing business as Horizon Blue Cross Blue Shield of New Jersey, and its affiliates	NJ	839711	11/1/13	Theft	11	2013
Phoebe Putney Memorial Hospital	GA	6989	11/5/13	Loss	11	2013
Coulee Medical Center	WA	2500	01/01/2010-11/30/2013	Unauthorized Access	1	2010
University of Pennsylvania Health System	PA	3000	11/26/2013	Other	11	2013
North Carolina Department of Health and Human Services 	NC	48752	12/30/2013	Unauthorized Access	12	2013
101 FAMILY MEDICAL GROUP	CA	2500	11/23/2013	Theft	11	2013
Tri Lakes Medical Center	MS	1489	9/20/2013	Hacking	9	2013
VA Dept. of Medical Assistance Services	VA	25513	11/15/2013	Unauthorized Access	11	2013
Cook County Health & Hospitals System	IL	22511	11/12/13	Other	11	2013
Southwest General Health Center	OH	953	04/13/2013 - 10/31/2013	Unknown	4	2013
Robert B. Neves, M.D., Inc	CA	611	5/8/11	Theft	5	2011
Triple-S Salud, Inc.	PR	398000	9/9/10	Theft	9	2010
Triple-S Salud, Inc.	PR	8000	10/3/08	Theft	10	2008
Urology Centers of Alabama PC and Urology Health Foundation	AL	1085	8/22/2013	Other	8	2013
Medical Mutual of Ohio	OH	1420	10/16/2013	Unauthorized Access	10	2013
Unity Health Plans Insurance Corporation	WI	41437	12/12/13	Loss	12	2013
The University of Texas MD Anderson Cancer Center	TX	3598	12/2/13	Loss	12	2013
Beebe Medical Center	DE	1883	9/2/13	Other	9	2013
St. Joseph Health System 	TX	405000	12/16/2013	Hacking	12	2013
Min Yi, M.D.	CA	4676	5/28/2013	Theft	5	2013
Easter Seal Society of Superior California	CA	3026	12/10/13	Theft	12	2013
PruittHealth Pharmacy Services	GA	841	12/6/13	Theft	12	2013
RGH Enterprises, Inc.	OH	4230	03/09/2013-03/11/2013	Theft	3	2013
Network Pharmacy Knoxville	TN	9602	11/18/2013	Theft	11	2013
Saint Francis Hospital and Medical Center	CT	858	12/27/2013	Theft	12	2013
Health Dimensions	MI	5370	11/2/13	Theft	11	2013
COMPLETE MEDICAL HOMECARE	KS	1700	12/12/13	Unauthorized Access	12	2013
Hospital for Special Surgery	NY	937	3/19/2013	Theft	3	2013
The Brooklyn Hospital Center	NY	2172	12/2/13	Loss	12	2013
Kmart Corporation	IL	16446	1/4/14	Theft	1	2014
WA State Department of Social & Health Services	WA	3104	8/19/2013	Unauthorized Access	8	2013
Lewis J. Sims, DPM, PC dba Sims and Associates Podiatry 	NY	6475	1/10/14	Theft	1	2014
University of Miami	FL	13074	6/27/2013	Loss	6	2013
Supportive Concepts for Families, Inc.	PA	593	2/6/13	Unauthorized Access	2	2013
Health Care Solutions at Home Inc.	OH	1139	12/17/2013	Other	12	2013
University of California Davis Medical Center	CA	2269	12/13/2013	Hacking	12	2013
St. Vincent Hospital and Healthcare, Inc	IN	1142	12/23/2013	Theft	12	2013
Missouri Consolidated Health Care Plan	MO	10024	3/23/2012	Unauthorized Access	3	2012
The Clorox Company Group Insurance Plan	CA	520	4/16/2012	Unauthorized Access	4	2012
Regents of the University of Minnesota	MN	4786	3/29/2012	Unauthorized Access	3	2012
Inspira Health Network Inc.	NJ	1411	12/23/2013	Theft	12	2013
Nissan North America, Inc.	TN	1511	5/8/12	Unauthorized Access	5	2012
Care Advantage, Inc.	VA	3458	1/1/13	Theft	1	2013
HealthSource of Ohio Inc.	OH	8845	11/18/2013	Unauthorized Access	11	2013
The Kroger Co., for itself and its affiliates and subsidiaries	OH	504	10/30/2013	Other	10	2013
Cornerstone Health Care, PA	NC	548	12/31/2013	Theft	12	2013
Joseph Michael Benson M.D	TX	7500	1/5/14	Theft	1	2014
All for Kids Pediatric Clinic	AR	600	12/27/2013	Other	12	2013
Eureka Internal Medicine	CA	3534	9/25/2013	Improper Disposal	9	2013
Brazos Valley Pathology	TX	3300	12/16/2013	Hacking	12	2013
Banner Health	AZ	55207	2/21/2014	Other	2	2014
Monarch Women's Health	AL	1145	8/22/2013	Hacking	8	2013
Punuru J.M. Reddy, MD, Inc.	AL	1179	8/22/2013	Hacking	8	2013
Iowa Dept. of Human Services	IA	2042	12/1/08	Other	12	2008
City of Hope	CA	5400	2/5/14	Theft	2	2014
Mission City Community Network	CA	7800	5/31/2013	Theft	5	2013
Partners In Nephrology & Endocrinology, P.C.	PA	5000	11/13/2013	Other	11	2013
University of California, San Francisco	CA	9861	1/11/14	Theft	1	2014
Detroit Medical Center - Harper University Hospital	MI	1087	9/7/12	Theft	9	2012
Todd M. Burton, M.D.	TX	5000	1/13/2014	Theft	1	2014
Valley View Hospital Association	CO	5415	9/11/13	Other	9	2013
Hospitalists of Arizona	AZ	1706	12/31/2013	Theft	12	2013
McBroom Clinic, PA	TX	2260	1/9/14	Loss	1	2014
QBE Holdings, Inc.	NY	1746	5/9/12	Unauthorized Access	5	2012
Berea College	KY	1000	1/24/2012	Other	1	2012
HealthPartners, Inc.	MN	27839	1/7/08	Loss	1	2008
Group Health Plan, Inc. Medical Benefit Plan	MN	796	1/7/08	Loss	1	2008
State Employee Group Insurance Plan	MN	1699	1/7/08	Loss	1	2008
University of Minnesota Employee Benefits	MN	715	1/7/08	Loss	1	2008
San Francisco General Hospital & Trauma Center	CA	55900	2/5/14	Theft	2	2014
University of Kentucky UK HealthCare	KY	1079	2/4/14	Theft	2	2014
Yellowstone Boys and Girls Ranch	MT	543	7/11/13	Theft	7	2013
Orlando Health, Inc.	FL	586	1/28/2014	Loss	1	2014
NOVA Chiropractic & Rehab Center	VA	5534	1/30/2014	Loss	1	2014
Susquehanna Health	PA	657	12/5/13	Unauthorized Access	12	2013
Jewish Hospital	KY	2992	1/15/2014	Other	1	2014
Franciscan Medical Group	WA	8300	1/15/2014	Other	1	2014
Palomar Health	CA	5499	2/21/2014	Theft	2	2014
Myriad Genetic Laboratories, Inc.	UT	643	3/6/13	Unauthorized Access	3	2013
Medical Center of Plano	TX	1000	12/10/13	Unauthorized Access	12	2013
Florida Healthy Kids Corporation	FL	580	11/13/2013	Unauthorized Access	11	2013
Midwest Orthopaedics at Rush, LLC	IL	1256	2/10/14	Hacking	2	2014
Texas Health and Human Services Commission	TX	2934	2/2/14	Theft	2	2014
Kaiser Permanente Northern CA Department of Research	CA	5178	10/18/2011	Hacking	10	2011
Triple-S Salud 	PR	5795	1/1/13	Theft	1	2013
American Health Inc. 	PR	17776	1/1/13	Theft	1	2013
State Long Term Care Ombudsman's Office, Michigan Department of Community Health	MI	2595	1/30/2014	Theft	1	2014
County of Los Angeles	CA	338700	2/5/14	Theft	2	2014
Presence St. Joseph's Medical Center	IL	836	10/22/2013	Other	10	2013
Clinical Reference Laboratory, Inc.	KS	979	2/6/14	Loss	2	2014
Various Health Plans	CT	527	3/5/14	Loss	3	2014
Amerigroup Texas, Inc. 	VA	75026	4/1/12	Theft	4	2012
BLUE CROSS AND BLUE SHIELD OF KANSAS CITY	MO	2546	8/16/2013	Unauthorized Access	8	2013
University Urology, P.C.	TN	1144	3/7/13	Unauthorized Access	3	2013
Healthy Connections, Inc	CA	793	3/25/2014	Loss	3	2014
Administracion de Seguros de Salud	PR	46473	5/8/13	Theft	5	2013
Greenwood Leflore Hospital	MS	3750	2/23/2014	Theft	2	2014
Maryland Developmental Disabilities Administration	MD	10766	11/27/2013	Unauthorized Access	11	2013
Los Robles Hospital and Medical Center	CA	2523	2/14/2014	Theft	2	2014
Shaker Clinic	OH	617	2/18/2014	Loss	2	2014
VGM Homelink	IA	1400	2/28/2014	Other	2	2014
Larsen Dental Care LLC	ID	6900	3/4/14	Theft	3	2014
The Union Labor Life Insurance Company	MD	46771	2/17/2014	Theft	2	2014
Coordinated Health	PA	733	2/21/2014	Theft	2	2014
CENTURA HEALTH	CO	12286	2/11/14	Hacking	2	2014
Ladies First Choice, Inc.	FL	2365	1/1/13	Theft	1	2013
Tufts Associated Health Maintenance Organization, Inc. and Tufts Insurance Company 	MA	8830	4/10/14	Theft	4	2014
Developmental Disabilities Administration	MD	2200	3/3/14	Unauthorized Access	3	2014
Willis North America Inc. Medical Expense Benefit Plan	NY	4830	3/19/2014	Unauthorized Access	3	2014
Sorenson Communications/CaptionCall Group Health Plan	UT	9800	2/20/2014	Hacking	2	2014
Baylor Medical Center at McKinney	TX	1253	1/23/2014	Hacking	1	2014
Baylor Medical Center at Irving	TX	2308	1/23/2014	Hacking	1	2014
Baylor Regional Medical Center at Plano	TX	1981	1/23/2014	Hacking	1	2014
HealthTexas Provider Network	TX	2742	1/23/2014	Hacking	1	2014
DeKalb Health	IN	1361	2/9/14	Hacking	2	2014
Iowa Medicaid Enterprise	IA	862	2/26/2014	Unauthorized Access	2	2014
Flowers Hospital	AL	629	6/3/13	Theft	6	2013
Reading Health System	PA	1845	3/2/12	Loss	3	2012
City of Cincinnati	OH	5696	4/4/14	Other	4	2014
UMass Memorial Medical Center	MA	2387	5/6/02	Unauthorized Access	5	2002
The City of Henderson	KY	1008	6/27/2012	Other	6	2012
Options Counseling Center	NJ	2828	5/1/11	Theft	5	2011
Molina Healthcare of California Partner Plan, Inc.	CA	4744	3/18/2014	Other	3	2014
Howard L. Weinstein D.P.M.	TX	1000	3/13/2014	Theft	3	2014
Bio-Reference Laboratories, Inc.	NJ	1749	2/2/14	Other	2	2014
American Health Inc. 	PR	11531	9/20/2013	Unauthorized Access	9	2013
Central City Concern	OR	17914	3/23/2010	Unauthorized Access	3	2010
Blue Cross Blue Shield of Michigan/Blue Care Network	MI	502	2/15/2014	Unauthorized Access	2	2014
Elliot Health System	NH	1208	3/26/2014	Theft	3	2014
Humana Inc case #15381	KY	2962	4/2/14	Theft	4	2014
Jamaica Hospital Medical Center	NY	26162	8/1/11	Unauthorized Access	8	2011
Bay Park Hospital	OH	594	4/1/13	Unauthorized Access	4	2013
Triple-S Salud 	PR	56853	9/20/2013	Unauthorized Access	9	2013
Aetna Life Insurance Company	CT	3814	4/2/14	Theft	4	2014
Salina Health Education Foundation dba Salina Family Healthcare Center	KS	9640	4/8/14	Unauthorized Access	4	2014
Highmark Inc.	PA	2589	4/19/2014	Loss	4	2014
Mark A. Gillispie	CA	5845	11/20/2013	Theft	11	2013
Penn State Milton S Hershey Medical Center	PA	1801	9/13/2013	Other	9	2013
Walgreen Co.	IL	540	3/3/14	Theft	3	2014
St. Francis Hospital	GA	1175	5/30/2014	Other	5	2014
Puerto Rico Health Insurance 	PR	28413	9/20/2013	Theft	9	2013
Hospitalists of Brandon, LLC	FL	1831	2/11/14	Hacking	2	2014
Santa Rosa Memorial Hospital 	CA	33702	6/2/14	Theft	6	2014
Group Health Plan of Hurley Medical Center	MI	2289	5/13/2014	Unauthorized Access	5	2014
Abrham Tekola, M.D.,INC	CA	5471	5/27/2014	Theft	5	2014
